{"web":{"client_id":"939641627617-09kqngoebhn9hcli1n2l4lr2sl08ksg2.apps.googleusercontent.com","project_id":"backuppro-391503","auth_uri":"https://accounts.google.com/o/oauth2/auth","token_uri":"https://oauth2.googleapis.com/token","auth_provider_x509_cert_url":"https://www.googleapis.com/oauth2/v1/certs","client_secret":"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","redirect_uris":["http://localhost/backuppro/backup_drive.php","http://localhost/backuppro/backup_gdr.php","http://localhost/backuprogit/backuppro/backup_drive.php"]}}